"","Df","F value","Pr(>F)"
"group",1,2.83893427209656,0.100202249609689
" ",38,NA,NA
