"","Variable","W","p.value","Significance"
"1","VPT Experimental",0.975490933258163,0.863748257762174,"NS"
"2","VPT Control",0.869721215007669,0.0116172851913842,"*"
