"","Df","Sum Sq","Mean Sq","F value","Pr(>F)","Eta2","CI_low","CI_High"
"Group      ",3,1.13962671387529,0.379875571291765,24.1051463105314,4.59400992016718e-11,0.487578632760865,0.346054911500466,1
"Residuals  ",76,1.19769210467562,0.0157591066404687,NA,NA,0.487578632760865,0.346054911500466,1
