"","Df","F value","Pr(>F)"
"group",1,0.960124823571933,0.33335291084433
" ",38,NA,NA
