"","Variable","W","p.value","Significance"
"1","Digit Experimental",0.855898541739774,0.00670327895862921,"**"
"2","Digit Control",0.889594218906866,0.0264344340149394,"*"
