"","Variable","t","df","p.value","Significance","LowerCI","UpperCI","MeanDifference","CohensD","DMag.","DLwrCI","DUprCI"
"t","Experimental - Control",-0.208765963243839,34.5071499883702,0.835858417584694,"NS",-0.0759139947495277,0.0617632012495276,-0.00707539675000002,0.0660175941769526,"negligible",-0.574326405190747,0.706361593544652
