"","Df","Sum Sq","Mean Sq","F value","Pr(>F)","Eta2","CI_low","CI_High"
"Group      ",5,1.37397097201868,0.274794194403736,19.1696517258991,8.35744011743803e-14,0.456750316897904,0.33467317632514,1
"Residuals  ",114,1.63417356819803,0.0143348558613862,NA,NA,0.456750316897904,0.33467317632514,1
