"","Df","F value","Pr(>F)"
"group",1,2.21302427795976,0.145101987426254
" ",38,NA,NA
