"","Variable","W","p.value","Significance"
"1","Corsi Experimental",0.919735845553342,0.0979320124535106,"NS"
"2","Corsi Control",0.928636989471386,0.145361499114009,"NS"
